{"count":1,"gauges":{},"self":41.946287999999996,"total":41.9796738,"children":{"AgentResetIfDone":{"count":2094,"self":0.019310499999999998,"total":0.019310499999999998,"children":null},"AgentSendState":{"count":2094,"self":0.0020131999999999997,"total":0.0020131999999999997,"children":null},"DecideAction":{"count":2094,"self":0.0049951,"total":0.0049951,"children":null},"AcademyStep":{"count":2094,"self":0.004024,"total":0.004024,"children":null},"AgentAct":{"count":2094,"self":0.0030418,"total":0.0030418,"children":null}}}